<?xml version="1.0" encoding="UTF-8"?>
<project-private xmlns="http://www.netbeans.org/ns/project-private/1">
    <editor-bookmarks xmlns="http://www.netbeans.org/ns/editor-bookmarks/2" lastBookmarkId="0"/>
    <open-files xmlns="http://www.netbeans.org/ns/projectui-open-files/2">
        <group>
            <file>file:/C:/Users/RPR-C80A404ES/Documents/NetBeansProjects/App_JavaWithAnt/src/Presentacion/Login.java</file>
            <file>file:/C:/Users/RPR-C80A404ES/Documents/NetBeansProjects/App_JavaWithAnt/src/Presentacion/VistaDetalladaProducto.java</file>
            <file>file:/C:/Users/RPR-C80A404ES/Documents/NetBeansProjects/App_JavaWithAnt/src/Presentacion/FrmSerPrin.java</file>
        </group>
    </open-files>
</project-private>
