<?xml version="1.0" encoding="UTF-8"?>
<project-private xmlns="http://www.netbeans.org/ns/project-private/1">
    <editor-bookmarks xmlns="http://www.netbeans.org/ns/editor-bookmarks/2" lastBookmarkId="0"/>
    <open-files xmlns="http://www.netbeans.org/ns/projectui-open-files/2">
        <group>
            <file>file:/C:/Users/RPR-C80A404ES/Documents/NetBeansProjects/App/src/Herencias_Polimorfismo/Filtros.java</file>
            <file>file:/C:/Users/RPR-C80A404ES/Documents/NetBeansProjects/App/src/Herencias_Polimorfismo/Pol_de_envios.java</file>
            <file>file:/C:/Users/RPR-C80A404ES/Documents/NetBeansProjects/App/src/Herencias_Polimorfismo/Guia_de_tallas.java</file>
            <file>file:/C:/Users/RPR-C80A404ES/Documents/NetBeansProjects/App/src/Herencias_Polimorfismo/Login.java</file>
            <file>file:/C:/Users/RPR-C80A404ES/Documents/NetBeansProjects/App/src/Herencias_Polimorfismo/Novedades.java</file>
            <file>file:/C:/Users/RPR-C80A404ES/Documents/NetBeansProjects/App/src/Herencias_Polimorfismo/Perfil.java</file>
            <file>file:/C:/Users/RPR-C80A404ES/Documents/NetBeansProjects/App/src/Herencias_Polimorfismo/Preguntas.java</file>
            <file>file:/C:/Users/RPR-C80A404ES/Documents/NetBeansProjects/App/src/Herencias_Polimorfismo/Pol_de_privacidad.java</file>
            <file>file:/C:/Users/RPR-C80A404ES/Documents/NetBeansProjects/App/src/Herencias_Polimorfismo/Informacion.java</file>
            <file>file:/C:/Users/RPR-C80A404ES/Documents/NetBeansProjects/App/src/Herencias_Polimorfismo/Enc_satisfaccion.java</file>
            <file>file:/C:/Users/RPR-C80A404ES/Documents/NetBeansProjects/App/src/Herencias_Polimorfismo/Pag_principal.java</file>
            <file>file:/C:/Users/RPR-C80A404ES/Documents/NetBeansProjects/App/src/Herencias_Polimorfismo/Registrarse.java</file>
            <file>file:/C:/Users/RPR-C80A404ES/Documents/NetBeansProjects/App/src/Herencias_Polimorfismo/Vista_del_Producto.java</file>
            <file>file:/C:/Users/RPR-C80A404ES/Documents/NetBeansProjects/App/src/Herencias_Polimorfismo/Paginas.java</file>
            <file>file:/C:/Users/RPR-C80A404ES/Documents/NetBeansProjects/App/src/Herencias_Polimorfismo/Para_ti.java</file>
            <file>file:/C:/Users/RPR-C80A404ES/Documents/NetBeansProjects/App/src/Herencias_Polimorfismo/Productos.java</file>
            <file>file:/C:/Users/RPR-C80A404ES/Documents/NetBeansProjects/App/src/Herencias_Polimorfismo/App.java</file>
            <file>file:/C:/Users/RPR-C80A404ES/Documents/NetBeansProjects/App/src/Herencias_Polimorfismo/Favoritos.java</file>
            <file>file:/C:/Users/RPR-C80A404ES/Documents/NetBeansProjects/App/src/Herencias_Polimorfismo/Carrito.java</file>
        </group>
    </open-files>
</project-private>
