<?xml version="1.0" encoding="UTF-8"?>
<project-private xmlns="http://www.netbeans.org/ns/project-private/1">
    <editor-bookmarks xmlns="http://www.netbeans.org/ns/editor-bookmarks/2" lastBookmarkId="0"/>
    <open-files xmlns="http://www.netbeans.org/ns/projectui-open-files/2">
        <group>
            <file>file:/C:/Users/blanc/OneDrive/Documents/Brayan/Tegnoligía%20en%20Informática/2°%20Semestre%20(2025-1)/Intro%20POO%20(Programación%20Orientada%20a%20Objetos)/flayer/App/src/Herencias_Polimorfismo/Pol_de_privacidad.java</file>
            <file>file:/C:/Users/blanc/OneDrive/Documents/Brayan/Tegnoligía%20en%20Informática/2°%20Semestre%20(2025-1)/Intro%20POO%20(Programación%20Orientada%20a%20Objetos)/flayer/App/src/Herencias_Polimorfismo/Guia_de_tallas.java</file>
            <file>file:/C:/Users/blanc/OneDrive/Documents/Brayan/Tegnoligía%20en%20Informática/2°%20Semestre%20(2025-1)/Intro%20POO%20(Programación%20Orientada%20a%20Objetos)/flayer/App/src/Herencias_Polimorfismo/Enc_satisfaccion.java</file>
        </group>
    </open-files>
</project-private>
